{
  "0": {
    "precision": 0.6625258799171843,
    "recall": 0.6557377049180327,
    "f1-score": 0.659114315139032,
    "support": 488.0
  },
  "1": {
    "precision": 0.7559055118110236,
    "recall": 0.6464646464646465,
    "f1-score": 0.6969147005444646,
    "support": 297.0
  },
  "2": {
    "precision": 0.5697674418604651,
    "recall": 0.2552083333333333,
    "f1-score": 0.35251798561151076,
    "support": 192.0
  },
  "3": {
    "precision": 0.28169014084507044,
    "recall": 0.08097165991902834,
    "f1-score": 0.12578616352201258,
    "support": 247.0
  },
  "4": {
    "precision": 0.42735042735042733,
    "recall": 0.14084507042253522,
    "f1-score": 0.211864406779661,
    "support": 355.0
  },
  "5": {
    "precision": 0.5135135135135135,
    "recall": 0.13768115942028986,
    "f1-score": 0.21714285714285714,
    "support": 138.0
  },
  "6": {
    "precision": 0.4909090909090909,
    "recall": 0.19852941176470587,
    "f1-score": 0.28272251308900526,
    "support": 136.0
  },
  "7": {
    "precision": 0.5094339622641509,
    "recall": 0.2634146341463415,
    "f1-score": 0.34726688102893893,
    "support": 205.0
  },
  "8": {
    "precision": 0.65625,
    "recall": 0.328125,
    "f1-score": 0.4375,
    "support": 64.0
  },
  "9": {
    "precision": 0.45454545454545453,
    "recall": 0.03875968992248062,
    "f1-score": 0.07142857142857142,
    "support": 129.0
  },
  "10": {
    "precision": 0.3225806451612903,
    "recall": 0.08130081300813008,
    "f1-score": 0.12987012987012986,
    "support": 246.0
  },
  "11": {
    "precision": 0.5806451612903226,
    "recall": 0.24324324324324326,
    "f1-score": 0.34285714285714286,
    "support": 74.0
  },
  "12": {
    "precision": 0.6666666666666666,
    "recall": 0.07142857142857142,
    "f1-score": 0.12903225806451613,
    "support": 28.0
  },
  "13": {
    "precision": 0.45,
    "recall": 0.11538461538461539,
    "f1-score": 0.1836734693877551,
    "support": 78.0
  },
  "14": {
    "precision": 0.7666666666666667,
    "recall": 0.3108108108108108,
    "f1-score": 0.4423076923076923,
    "support": 74.0
  },
  "15": {
    "precision": 0.8576388888888888,
    "recall": 0.8316498316498316,
    "f1-score": 0.8444444444444444,
    "support": 297.0
  },
  "16": {
    "precision": 0.0,
    "recall": 0.0,
    "f1-score": 0.0,
    "support": 10.0
  },
  "17": {
    "precision": 0.5692307692307692,
    "recall": 0.30578512396694213,
    "f1-score": 0.3978494623655914,
    "support": 121.0
  },
  "18": {
    "precision": 0.6336633663366337,
    "recall": 0.7071823204419889,
    "f1-score": 0.6684073107049608,
    "support": 181.0
  },
  "19": {
    "precision": 0.0,
    "recall": 0.0,
    "f1-score": 0.0,
    "support": 11.0
  },
  "20": {
    "precision": 0.5888888888888889,
    "recall": 0.39849624060150374,
    "f1-score": 0.47533632286995514,
    "support": 133.0
  },
  "21": {
    "precision": 0.0,
    "recall": 0.0,
    "f1-score": 0.0,
    "support": 9.0
  },
  "22": {
    "precision": 0.5,
    "recall": 0.03488372093023256,
    "f1-score": 0.06521739130434782,
    "support": 86.0
  },
  "23": {
    "precision": 0.0,
    "recall": 0.0,
    "f1-score": 0.0,
    "support": 8.0
  },
  "24": {
    "precision": 0.6153846153846154,
    "recall": 0.5106382978723404,
    "f1-score": 0.5581395348837209,
    "support": 47.0
  },
  "25": {
    "precision": 0.5581395348837209,
    "recall": 0.2823529411764706,
    "f1-score": 0.375,
    "support": 85.0
  },
  "26": {
    "precision": 0.5,
    "recall": 0.23157894736842105,
    "f1-score": 0.31654676258992803,
    "support": 95.0
  },
  "27": {
    "precision": 0.43186711780990467,
    "recall": 0.8819095477386935,
    "f1-score": 0.5798059054305182,
    "support": 1592.0
  },
  "accuracy": 0.5106892738665684,
  "macro avg": {
    "precision": 0.4772594194365981,
    "recall": 0.2768707977118996,
    "f1-score": 0.3182409364773841,
    "support": 5426.0
  },
  "weighted avg": {
    "precision": 0.5206466168567302,
    "recall": 0.5106892738665684,
    "f1-score": 0.45841983867889685,
    "support": 5426.0
  }
}